{
  "ABIRoot": {
    "kind": "Root",
    "name": "TopLevel",
    "printedName": "TopLevel",
    "children": [
      {
        "kind": "Import",
        "name": "Foundation",
        "printedName": "Foundation",
        "declKind": "Import",
        "moduleName": "binSDK"
      },
      {
        "kind": "TypeDecl",
        "name": "binSDK",
        "printedName": "binSDK",
        "children": [
          {
            "kind": "Constructor",
            "name": "init",
            "printedName": "init()",
            "children": [
              {
                "kind": "TypeNominal",
                "name": "binSDK",
                "printedName": "binSDK.binSDK",
                "usr": "s:6binSDKAAC"
              }
            ],
            "declKind": "Constructor",
            "usr": "s:6binSDKAACABycfc",
            "mangledName": "$s6binSDKAACABycfc",
            "moduleName": "binSDK",
            "declAttributes": [
              "AccessControl"
            ],
            "init_kind": "Designated"
          },
          {
            "kind": "Function",
            "name": "doPublicThings",
            "printedName": "doPublicThings()",
            "children": [
              {
                "kind": "TypeNominal",
                "name": "Void",
                "printedName": "()"
              }
            ],
            "declKind": "Func",
            "usr": "s:6binSDKAAC14doPublicThingsyyF",
            "mangledName": "$s6binSDKAAC14doPublicThingsyyF",
            "moduleName": "binSDK",
            "isOpen": true,
            "declAttributes": [
              "AccessControl"
            ],
            "funcSelfKind": "NonMutating"
          }
        ],
        "declKind": "Class",
        "usr": "s:6binSDKAAC",
        "mangledName": "$s6binSDKAAC",
        "moduleName": "binSDK",
        "isOpen": true,
        "declAttributes": [
          "AccessControl"
        ]
      }
    ],
    "json_format_version": 8
  },
  "ConstValues": []
}